"","Df","SumOfSqs","R2","F","Pval","parOmegaSq","FDR"
"genotype",1,1108.6536388239,0.0413152217356743,1.16358474876675,0.167383261673833,0.00560921265941666,0.502149785021498
"Residual",27,25725.3700514474,0.958684778264326,NA,NA,NA,NA
"Total",28,26834.0236902713,1,NA,NA,NA,NA
