"","Df","SumOfSqs","R2","F","Pval","parOmegaSq","FDR"
"genotype",1,3460.87601851003,0.100055998882888,2.89068649574404,9.99900009999e-05,0.0632533647567193,0.0002999700029997
"Residual",26,31128.5144943052,0.899944001117112,NA,NA,NA,NA
"Total",27,34589.3905128152,1,NA,NA,NA,NA
