"","Df","SumOfSqs","R2","F","Pval","parOmegaSq","FDR"
"genotype",1,1825.66599805298,0.0491195002859885,1.39473520397208,0.0457954204579542,0.0134287722353333,0.137386261373863
"Residual",27,35342.1795098085,0.950880499714011,NA,NA,NA,NA
"Total",28,37167.8455078615,1,NA,NA,NA,NA
