"","Df","SumOfSqs","R2","F","Pval","parOmegaSq","FDR"
"genotype",1,0.575372006656619,0.136382322480638,4.10591454621664,0.0001999800019998,0.099849645687219,0.0005999400059994
"Residual",26,3.64344459795359,0.863617677519362,NA,NA,NA,NA
"Total",27,4.21881660461021,1,NA,NA,NA,NA
