"","Df","SumOfSqs","R2","F","Pval","parOmegaSq","FDR"
"genotype",1,0.0747752709201096,0.0311773436608259,0.868877573552117,0.566443355664434,-0.00454199946339476,1
"Residual",27,2.32360965030922,0.968822656339174,NA,NA,NA,NA
"Total",28,2.39838492122933,1,NA,NA,NA,NA
