"","Df","SumOfSqs","R2","F","Pval","parOmegaSq","FDR"
"genotype",1,0.234498859062082,0.0538995620726921,1.53819628194116,0.0873912608739126,0.0182203502476621,0.262173782621738
"Residual",27,4.11616467222641,0.946100437927308,NA,NA,NA,NA
"Total",28,4.35066353128849,1,NA,NA,NA,NA
