"","Df","SumOfSqs","R2","F","Pval","parOmegaSq","FDR"
"genotype",1,0.156232185108877,0.0333275473374953,0.930867302191073,0.529247075292471,-0.00238958262421987,1
"Residual",27,4.53154707229563,0.966672452662505,NA,NA,NA,NA
"Total",28,4.68777925740451,1,NA,NA,NA,NA
