"","Df","SumOfSqs","R2","F","Pval","parOmegaSq","FDR"
"genotype",1,0.333814925539771,0.0472204546381936,1.33813984718478,0.0942905709429057,0.011525606222687,0.282871712828717
"Residual",27,6.73547163888415,0.952779545361806,NA,NA,NA,NA
"Total",28,7.06928656442392,1,NA,NA,NA,NA
