"","Df","SumOfSqs","R2","F","Pval","parOmegaSq","FDR"
"genotype",1,0.66508540904073,0.0988266625704315,2.85127524318488,0.0001999800019998,0.0620166216720516,0.0005999400059994
"Residual",26,6.06473214972524,0.901173337429569,NA,NA,NA,NA
"Total",27,6.72981755876597,1,NA,NA,NA,NA
